L1,JSF1
L1,JSF2
L1,JSFD13
L1,T14
L1,T19
L1,T15
L1,T18
L1,UF11453-17
L1,UF11453-18
L2,JSFD6
L2,JSF4
L2,JSF5
L2,T23
L2,T25
L2,T17
L2,T26
L2,UF11433-5
L2,UF11433-6
L3,JSFD2
L3,JSF8
L3,JSF9
L3,T30
L3,T31
L3,T32
L3,T33
L3,UF11433-7
L3,UF11433-8
L4,JSF11
L4,JSF12
L4,JSFD3
L4,T28
L4,T29
L4,T34
L4,T35
L4,UF11453-10
L4,UF11453-16
L5,JS076
L5,JS085
L5,JS095
L5,T159
L5,T185
L5,T157
L5,T178
L5,UF11397-01
L5,UF11453-14
L6,JS099
L6,JSFD8
L6,PSF4
L6,T40
L6,T41
L6,T36
L6,T39
L6,UF11453-01
L6,UF11453-11
L7,JS098
L7,JSFD9
L7,JSFD11
L7,T38
L7,T54
L7,T37
L7,T55
L7,UF11433-04
L7,UF11453-13
L8,JSFD7
L8,JSFD10
L8,JSFP15
L8,T52
L8,T57
L8,T53
L8,T56
L8,UF11453-09
L8,UF11453-15
L9,JSF6
L9,JSF7
L9,JSFD12
L9,T63
L9,T66
L9,T58
L9,T59
L9,UF11397-02
L9,UF11453-12
LINE16,JS021
L27,JS040
L27,JS042
L27,JS054
L27,T124
L27,T126
L27,T117
L27,T131
L27,UF11453-19
L27,UF11453-20
L28,JS053
L28,JS055
L28,JS061
L28,T128
L28,T129
L28,T134
L28,T135
L28,UF11453-28
L28,UF11453-36
L29,JS063
L29,JS060
L29,JS048
L29,T132
L29,T133
L29,T136
L29,T137
L29,UF11453-29
L29,UF11453-34
L30,JS059
L30,JS062
L30,JS064
L30,T138
L30,T139
L30,T143
L30,T144
L30,UF11453-31
L30,UF11453-32
LINE32,JS071
LINE32,JS072
LINE32,JS073
LINE34,JS086
LINE34,JS087
LINE34,JS091
L36,JS094
L36,JS097
L36,JS078
L36,T162
L36,T147
L36,T175
L36,T167
L36,UF11453-27
L36,UF11453-33
L37,JS074
L37,JS082
L37,JS083
L37,T158
L37,T179
L37,T153
L37,T182
L37,UF11453-30
L37,UF11453-35
L38,JS075
L38,JS077
L38,JS084
L38,T166
L38,T177
L38,T165
L38,T173
L38,UF11453-38
L38,UF11453-41
L39,JS079
L39,JS080
L39,JS081
L39,T168
L39,T174
L39,T169
L39,T176
L39,UF11453-39
L39,UF11453-42
L40,JSFD4
L40,PSF2
L40,PSF3
L40,T5
L40,T10
L40,T6
L40,T16
L40,UF11453-37
L40,UF11453-40
